{
    "gamma": 0.9480763056089357,
    "learning_rate": 0.000995031668140081,
    "ent_coef": 1.338865831985763e-07,
    "clip_range": 0.38979625409026253,
    "n_steps": 256,
    "batch_size": 128
}